medCon,qRCon,medCat,qRCat,meanCon,varCon,meanCat,varCat
0.07292153995454687,0.0022846136189941108,0.6136545525916465,0.004983492562051994,0.0732,0.0024,0.6125,0.0032
