medCon,qRCon,medCat,qRCat,meanCon,varCon,meanCat,varCat
0.07082466323629744,0.0021498911805515747,0.6071195986795153,0.004790861927877477,0.0709,0.0016,0.6075,0.0033
