medCon,qRCon,medCat,qRCat,meanCon,varCon,meanCat,varCat
0.12984078564123316,0.005162505148761737,0.5670555350497772,0.0552955543223933,0.12987224571973954,0.002737472513402333,0.5679279228898415,0.02611956484794076
