medCon,qRCon,medCat,qRCat,meanCon,varCon,meanCat,varCat
0.10644961356855517,0.0008658800798055505,0.5996542355840742,0.002914791749792256,0.1066,0.0005,0.6002,0.0021
