medCon,qRCon,medCat,qRCat,meanCon,varCon,meanCat,varCat
0.08223254510992226,0.0014205145558162796,0.5373324849199992,0.002379164691279967,0.0823,0.0009,0.5365,0.0048
