medCon,qRCon,medCat,qRCat,meanCon,varCon,meanCat,varCat
0.818147317644744,1.550220366340525,0.4781004123263545,0.06545397261676422,1.4617,1.2907,0.483,0.038
