medCon,qRCon,medCat,qRCat,meanCon,varCon,meanCat,varCat
0.10122159192079362,0.003409174211122204,0.5878839426768416,0.034559985726587916,0.1,0.0036,0.5793,0.0176
