medCon,qRCon,medCat,qRCat,meanCon,varCon,meanCat,varCat
0.08976148529700745,0.0018607711400902144,0.0,0.0,0.09000329839663213,0.0015275844159385763,0.0,0.0
