medCon,qRCon,medCat,qRCat,meanCon,varCon,meanCat,varCat
0.08649329828802951,0.0017305613252187185,0.0,0.0,0.08645303985997681,0.0012447380077233077,0.0,0.0
