medCon,qRCon,medCat,qRCat,meanCon,varCon,meanCat,varCat
0.0708499667866638,0.002334115290494085,0.0,0.0,0.07112469320556433,0.0022174448026713316,0.0,0.0
