medCon,qRCon,medCat,qRCat,meanCon,varCon,meanCat,varCat
0.06838500858399099,0.0006818684048022633,0.0,0.0,0.06834071266321218,0.00047269178872237557,0.0,0.0
