medCon,qRCon,medCat,qRCat,meanCon,varCon,meanCat,varCat
0.0676548295505798,0.00046769279141754827,0.0,0.0,0.0676304745702761,0.00032198419750882476,0.0,0.0
