medCon,qRCon,medCat,qRCat,meanCon,varCon,meanCat,varCat
0.06369704052857977,0.0009347264842043679,0.0,0.0,0.06360743392852125,0.0006429990073830459,0.0,0.0
