medCon,qRCon,medCat,qRCat,meanCon,varCon,meanCat,varCat
0.1364008072605778,0.002342569442706638,0.5677572160306505,0.02107251025618495,0.1367,0.0017,0.5724,0.0128
