medCon,qRCon,medCat,qRCat,meanCon,varCon,meanCat,varCat
0.13038952367254514,0.010898698641967408,0.7511271212225652,0.004329836234578832,0.132,0.0051,0.7509,0.0039
