medCon,qRCon,medCat,qRCat,meanCon,varCon,meanCat,varCat
0.36068242892077473,0.08860480193463455,0.412535793256237,0.0374065968250622,0.3775459150931771,0.047117765835948455,0.40781937946233526,0.040913481026641704
