medCon,qRCon,medCat,qRCat,meanCon,varCon,meanCat,varCat
0.7488152492351473,0.005212198353436892,0.5854688588760328,0.004166612773444878,0.749,0.0037,0.5854,0.0023
