medCon,qRCon,medCat,qRCat,meanCon,varCon,meanCat,varCat
0.1486559957844976,0.0015657415496230231,0.7218019758948225,0.01158240885053785,0.1485,0.0012,0.719,0.0119
