medCon,qRCon,medCat,qRCat,meanCon,varCon,meanCat,varCat
0.44668905868666187,0.0021624632293287815,0.6825967661044579,0.0023265940649750405,0.4468,0.0012,0.6828,0.0012
