medCon,qRCon,medCat,qRCat,meanCon,varCon,meanCat,varCat
0.13852015377280907,0.0030408895694876703,0.6973396333723239,0.016034191669643705,0.1389,0.0017,0.697,0.0084
