medCon,qRCon,medCat,qRCat,meanCon,varCon,meanCat,varCat
0.09764566181681504,0.005386545356164993,0.37675202534129454,0.009196595004799912,0.0981,0.0039,0.3758,0.0069
