medCon,qRCon,medCat,qRCat,meanCon,varCon,meanCat,varCat
0.09654900945441364,0.004826561904502272,0.5188769553937185,0.01880096932552111,0.097,0.0036,0.5168,0.0144
