medCon,qRCon,medCat,qRCat,meanCon,varCon,meanCat,varCat
0.09833733228440633,0.004655033361874922,0.5159060208782966,0.007619402304441691,0.0976,0.0031,0.5158,0.007
