medCon,qRCon,medCat,qRCat,meanCon,varCon,meanCat,varCat
0.0975077132032226,0.005950814472114568,0.5171084496289851,0.01571439202290359,0.0977,0.0038,0.5168,0.0128
