medCon,qRCon,medCat,qRCat,meanCon,varCon,meanCat,varCat
0.16240031554864537,0.018760496853171993,0.34240930914415035,0.11183833955781197,0.16341149566729918,0.012580256053822026,0.32999877655049864,0.06696670928918727
