medCon,qRCon,medCat,qRCat,meanCon,varCon,meanCat,varCat
0.2427971341465005,0.0012656308661003757,0.20317846306397538,0.004268590577898551,0.2429,0.0012,0.2043,0.0059
