medCon,qRCon,medCat,qRCat,meanCon,varCon,meanCat,varCat
0.07182878257195195,0.0019363123067837607,0.4667570249305807,0.01181386660755157,0.07182133669153615,0.0015705321562101365,0.46579873853245674,0.0096418691964278
