medCon,qRCon,medCat,qRCat,meanCon,varCon,meanCat,varCat
0.19186873050050407,0.0023681045477192686,0.20804079393651587,0.0076010715986836175,0.192,0.0017,0.2078,0.0061
