medCon,qRCon,medCat,qRCat,meanCon,varCon,meanCat,varCat
0.12905951731736598,0.004138359903144956,0.20718964198719764,0.0076513427529832645,0.1292,0.0023,0.2086,0.0053
