medCon,qRCon,medCat,qRCat,meanCon,varCon,meanCat,varCat
0.056688705271861914,0.0030000975758594783,0.48187527819987414,0.007902244913281786,0.0573,0.0019,0.4825,0.0058
