medCon,qRCon,medCat,qRCat,meanCon,varCon,meanCat,varCat
0.08027146291165463,0.002208696835650781,0.641961499691508,0.013266471161122229,0.08,0.0014,0.6408,0.0064
