medCon,qRCon,medCat,qRCat,meanCon,varCon,meanCat,varCat
0.07994319777001155,0.0025747841648518094,0.6409425909108815,0.0038633568973934773,0.0797,0.0016,0.6411,0.0052
