medCon,qRCon,medCat,qRCat,meanCon,varCon,meanCat,varCat
0.11696195725941091,0.0035915862831310957,0.5908154169358544,0.04825786111460417,0.11798993451279054,0.004162280408678497,0.5919103946260159,0.023695385347564313
