medCon,qRCon,medCat,qRCat,meanCon,varCon,meanCat,varCat
0.1371524598771513,0.0019082808279964059,0.6337079014385344,0.005203123241506402,0.1369,0.0014,0.6336,0.0048
