medCon,qRCon,medCat,qRCat,meanCon,varCon,meanCat,varCat
0.08375262209520701,0.0012314264724156004,0.5978750059682096,0.0071380420190481075,0.0837,0.0009,0.5962,0.0072
