medCon,qRCon,medCat,qRCat,meanCon,varCon,meanCat,varCat
0.31820118799113684,1.2080044223046102,0.49196993812636786,0.04074391092304419,0.6622,0.6342,0.4876,0.0573
