medCon,qRCon,medCat,qRCat,meanCon,varCon,meanCat,varCat
0.07984708538048035,0.0018468198608071196,0.624325992334178,0.05416025668905733,0.0802,0.0028,0.6215,0.0236
