medCon,qRCon,medCat,qRCat,meanCon,varCon,meanCat,varCat
0.2266347292273726,0.004892775514837883,0.6304640388085774,0.02120621384802035,0.2262,0.0027,0.6267,0.0108
