medCon,qRCon,medCat,qRCat,meanCon,varCon,meanCat,varCat
0.22594389564648037,0.003954718757657988,0.6381025700123995,0.02401647801132134,0.226,0.0025,0.6389,0.0125
