medCon,qRCon,medCat,qRCat,meanCon,varCon,meanCat,varCat
0.24545087999316828,0.0028800415304318094,0.5866010885671837,0.014199677999205074,0.24497927850190945,0.0035246063707606414,0.5861003834356473,0.01030340310332512
