medCon,qRCon,medCat,qRCat,meanCon,varCon,meanCat,varCat
0.23531913113220693,0.0035002582344852706,0.5923786259948554,0.009107074628975864,0.2353,0.0018,0.5908,0.0066
