medCon,qRCon,medCat,qRCat,meanCon,varCon,meanCat,varCat
0.24996120440654573,0.0053563673631720765,0.5638921330103905,0.00911709054044696,0.2507,0.0033,0.5635,0.0065
