medCon,qRCon,medCat,qRCat,meanCon,varCon,meanCat,varCat
2.7126243829161005,1.703423927193421,0.5197135994580278,0.01989989782743251,3.0549,1.4032,0.5163,0.0349
