medCon,qRCon,medCat,qRCat,meanCon,varCon,meanCat,varCat
0.23098985915875997,0.0030722565122076884,0.6321019663557603,0.006176375465843376,0.231,0.002,0.6317,0.0077
