medCon,qRCon,medCat,qRCat,meanCon,varCon,meanCat,varCat
0.10345668472280925,0.0014120081722815842,0.27008955418393504,0.013355932065780785,0.1039,0.0018,0.2661,0.0148
