medCon,qRCon,medCat,qRCat,meanCon,varCon,meanCat,varCat
0.10426124021737003,0.0020131787584426186,0.7295293738304467,0.0018922526279044893,0.1044,0.0011,0.7297,0.0027
