medCon,qRCon,medCat,qRCat,meanCon,varCon,meanCat,varCat
0.3590299852221693,0.0044836501995660916,0.4753813133691266,0.022273344430542463,0.3412064669410519,0.036028274605525094,0.4695098235633486,0.03556435519193464
