medCon,qRCon,medCat,qRCat,meanCon,varCon,meanCat,varCat
0.7652422268039805,0.006255576790328954,0.5950403544379311,0.0021652348159656443,0.7649,0.0042,0.5949,0.0012
