medCon,qRCon,medCat,qRCat,meanCon,varCon,meanCat,varCat
0.12348242863297451,0.0011722585640005362,0.6609528126143316,0.002324699786909301,0.1237,0.0018,0.6612,0.002
