medCon,qRCon,medCat,qRCat,meanCon,varCon,meanCat,varCat
0.41032352215487455,0.0016164205930447317,0.6729583725120922,0.0033983521044960163,0.4107,0.001,0.6724,0.0026
