medCon,qRCon,medCat,qRCat,meanCon,varCon,meanCat,varCat
0.11499268931680012,0.003414722923940308,0.6828330495998127,0.02482685512118077,0.1153,0.0033,0.6757,0.0184
