medCon,qRCon,medCat,qRCat,meanCon,varCon,meanCat,varCat
0.09292424276166625,0.005963091053244107,0.433549029527424,0.02088104110794875,0.0933,0.0045,0.4296,0.017
