medCon,qRCon,medCat,qRCat,meanCon,varCon,meanCat,varCat
0.0920544938555562,0.005092416634184235,0.5291212518235628,0.02424068821868075,0.0921,0.0036,0.5266,0.0171
