medCon,qRCon,medCat,qRCat,meanCon,varCon,meanCat,varCat
0.09357939681585749,0.004880036739807886,0.5246852925019536,0.020831607173368738,0.0937,0.0036,0.5265,0.0159
