medCon,qRCon,medCat,qRCat,meanCon,varCon,meanCat,varCat
0.09190351686532472,0.002689521170968337,0.5375375793341499,0.01676851487399056,0.0913,0.0019,0.5411,0.0109
