medCon,qRCon,medCat,qRCat,meanCon,varCon,meanCat,varCat
0.308866662124808,0.05322170636723822,0.3956577757920221,0.05433280331148932,0.3119728470926614,0.03844080195676321,0.39424591960125954,0.03871174673285009
