medCon,qRCon,medCat,qRCat,meanCon,varCon,meanCat,varCat
0.24605892672333401,0.0016195246555787413,0.16693052838308714,0.011933334648912913,0.2464,0.0009,0.1669,0.0079
