medCon,qRCon,medCat,qRCat,meanCon,varCon,meanCat,varCat
0.06736340392044476,0.0029835061571352184,0.47606042081599653,0.019391865077298398,0.06708861419430354,0.002162107474473682,0.47466442581959195,0.014211610432793346
