medCon,qRCon,medCat,qRCat,meanCon,varCon,meanCat,varCat
0.19446509082261776,0.0025727397710482713,0.16692608276443485,0.010367522540023238,0.1944,0.0018,0.1673,0.0082
