medCon,qRCon,medCat,qRCat,meanCon,varCon,meanCat,varCat
0.04985755659768037,0.002445499992647711,0.4940911795168319,0.009843385312721997,0.0504,0.0019,0.4934,0.0143
