medCon,qRCon,medCat,qRCat,meanCon,varCon,meanCat,varCat
0.0983234784799649,0.012391249396409953,0.2704794356349408,0.023310230853980374,0.0973,0.0057,0.2675,0.0163
