medCon,qRCon,medCat,qRCat,meanCon,varCon,meanCat,varCat
0.2231296663615519,0.002782389161537807,0.6500993359893759,0.006251313442045325,0.2229,0.0015,0.6482,0.0073
