medCon,qRCon,medCat,qRCat,meanCon,varCon,meanCat,varCat
0.2233934766285738,0.0014748310686029942,0.6504633111853155,0.009866883819028782,0.2235,0.0013,0.6481,0.0096
