medCon,qRCon,medCat,qRCat,meanCon,varCon,meanCat,varCat
0.24168054528132693,0.002483085799786511,0.5750824725981218,0.020744784731469124,0.2415962728749058,0.0027436415711739963,0.5768366821161812,0.016079561880359066
