medCon,qRCon,medCat,qRCat,meanCon,varCon,meanCat,varCat
0.2343990281571968,0.0015697142718248958,0.599051180036431,0.004602041364490939,0.2344,0.0009,0.5997,0.0031
