medCon,qRCon,medCat,qRCat,meanCon,varCon,meanCat,varCat
0.24969577625222547,0.0014419287172014184,0.5668798650304399,0.010549158015473181,0.2499,0.0012,0.5679,0.0053
