medCon,qRCon,medCat,qRCat,meanCon,varCon,meanCat,varCat
3.0233441307577875,1.1679367112584487,0.5173928536354251,0.06310444163281614,3.67,1.9517,0.5257,0.0411
