medCon,qRCon,medCat,qRCat,meanCon,varCon,meanCat,varCat
0.2432895864320943,0.006167974036710128,0.6179740538667928,0.007191487215694181,0.2431,0.0039,0.6183,0.0045
