medCon,qRCon,medCat,qRCat,meanCon,varCon,meanCat,varCat
0.12008144383537148,0.000514849538291548,0.2619177216230221,0.014536557451485077,0.1201,0.0005,0.2615,0.0132
