medCon,qRCon,medCat,qRCat,meanCon,varCon,meanCat,varCat
0.11986745627902676,0.003253866338686906,0.7263909839527545,0.011225044968299236,0.1206,0.0021,0.7257,0.006
