medCon,qRCon,medCat,qRCat,meanCon,varCon,meanCat,varCat
0.34821776516864617,0.05570795390384908,0.4416980436662084,0.037834260989586976,0.33506473727054764,0.029509878746109414,0.425573641461549,0.04398695252069816
