medCon,qRCon,medCat,qRCat,meanCon,varCon,meanCat,varCat
0.7412512076252555,0.0029754832186108526,0.5911084406567626,0.0020834989870800458,0.7409,0.0029,0.5906,0.0015
