medCon,qRCon,medCat,qRCat,meanCon,varCon,meanCat,varCat
0.13287727352612871,0.0010250779061389548,0.6650282383024163,0.006403360077993692,0.1328,0.0008,0.6667,0.0043
