medCon,qRCon,medCat,qRCat,meanCon,varCon,meanCat,varCat
0.42868815916490954,0.000644461131021179,0.6636653146463243,0.004117612097044643,0.4286,0.0005,0.6632,0.0024
