medCon,qRCon,medCat,qRCat,meanCon,varCon,meanCat,varCat
0.12807788413215754,0.0032509695855556797,0.6750498209558098,0.01029441829667499,0.1283,0.0023,0.6734,0.0114
