medCon,qRCon,medCat,qRCat,meanCon,varCon,meanCat,varCat
0.11736988234041369,0.002057581819310525,0.18292481542171868,0.000993099551180876,0.1174,0.0013,0.1829,0.0009
