medCon,qRCon,medCat,qRCat,meanCon,varCon,meanCat,varCat
0.117902843436814,0.0012821111524615042,0.6935309952534989,0.00726995356977711,0.1179,0.0008,0.6932,0.0047
