medCon,qRCon,medCat,qRCat,meanCon,varCon,meanCat,varCat
0.7332556083164885,0.002828887906778932,0.5891260095163527,0.0010714617642657576,0.7334,0.0017,0.589,0.0007
