medCon,qRCon,medCat,qRCat,meanCon,varCon,meanCat,varCat
0.1302689796869297,0.0008494890019555557,0.6184475725420824,0.00405510152852584,0.1303,0.0008,0.6174,0.0029
