medCon,qRCon,medCat,qRCat,meanCon,varCon,meanCat,varCat
0.41906919386289565,0.0010401847752338766,0.6449315224504405,0.002799334149749977,0.4189,0.0006,0.6447,0.0015
