medCon,qRCon,medCat,qRCat,meanCon,varCon,meanCat,varCat
0.13038531852437432,0.0034333996163659064,0.6269434452635896,0.010053533184324115,0.1299,0.0019,0.624,0.0098
