medCon,qRCon,medCat,qRCat,meanCon,varCon,meanCat,varCat
0.09849830283528827,0.005171821671241403,0.3503155248093962,0.010067683859525611,0.0988,0.004,0.3505,0.0087
