medCon,qRCon,medCat,qRCat,meanCon,varCon,meanCat,varCat
0.09801148073886007,0.004226837904358086,0.4901181087909118,0.05142368116371143,0.0981,0.0031,0.4897,0.031
