medCon,qRCon,medCat,qRCat,meanCon,varCon,meanCat,varCat
0.09934957916798451,0.0047160507231014115,0.49756613712240183,0.050969993804946045,0.0997,0.0039,0.4928,0.029
