medCon,qRCon,medCat,qRCat,meanCon,varCon,meanCat,varCat
0.09947389766515513,0.0040511023405702395,0.48963343167282447,0.044455411544514434,0.0991,0.0032,0.4933,0.0242
