medCon,qRCon,medCat,qRCat,meanCon,varCon,meanCat,varCat
0.17559146634232492,0.06037003809645605,0.30021379018684397,0.07337541493552346,0.18659913435985032,0.03819972592689687,0.3009079546909066,0.04957172556978814
