medCon,qRCon,medCat,qRCat,meanCon,varCon,meanCat,varCat
0.242296347419176,0.0012582664019971102,0.20815265670460759,0.00786256434943347,0.2422,0.0007,0.2074,0.0044
