medCon,qRCon,medCat,qRCat,meanCon,varCon,meanCat,varCat
0.07219242535157605,0.002313607945043483,0.46170743268775893,0.012987212030691087,0.07208692490475886,0.0016072065622717178,0.4628265063911066,0.010453327397230979
