medCon,qRCon,medCat,qRCat,meanCon,varCon,meanCat,varCat
0.1928905387335829,0.002131885956395574,0.2082697578464284,0.009850187108200376,0.1929,0.0015,0.2079,0.0073
