medCon,qRCon,medCat,qRCat,meanCon,varCon,meanCat,varCat
0.1313896769320555,0.004619637454817999,0.21260409830994104,0.009078897481476417,0.1311,0.0036,0.2127,0.0052
