medCon,qRCon,medCat,qRCat,meanCon,varCon,meanCat,varCat
0.0565055685688271,0.0020746800360502138,0.4773642117885746,0.011713011859368794,0.0563,0.0014,0.4796,0.0114
