medCon,qRCon,medCat,qRCat,meanCon,varCon,meanCat,varCat
0.09498319812433503,0.005892137828502106,0.39502793407458725,0.027088203928747,0.0955,0.0043,0.3935,0.0188
