medCon,qRCon,medCat,qRCat,meanCon,varCon,meanCat,varCat
0.09363328519497445,0.004644303967021299,0.5071269746448958,0.041214929315787185,0.0936,0.0037,0.5054,0.0278
