medCon,qRCon,medCat,qRCat,meanCon,varCon,meanCat,varCat
0.095345804457906,0.003432408068334447,0.5087633134586964,0.019042749286670158,0.0956,0.0038,0.5129,0.0214
