medCon,qRCon,medCat,qRCat,meanCon,varCon,meanCat,varCat
0.09478223916072487,0.003940537696584784,0.5087426258114227,0.03626859767185642,0.0954,0.0032,0.5056,0.0269
