medCon,qRCon,medCat,qRCat,meanCon,varCon,meanCat,varCat
0.13557706317389123,0.020120679210454545,0.4349397170624455,0.07195066877228173,0.13680916869379398,0.018783309170680662,0.41846396322143237,0.07238408850427863
