medCon,qRCon,medCat,qRCat,meanCon,varCon,meanCat,varCat
0.24650749971582475,0.0014389963765611136,0.17000101002449308,0.006973670340006982,0.2463,0.001,0.1682,0.0054
