medCon,qRCon,medCat,qRCat,meanCon,varCon,meanCat,varCat
0.0671006131036227,0.002918305738748614,0.4711716716419044,0.02037878497501744,0.06739744093329976,0.002360760627247697,0.4698600540532894,0.014099676444776383
