medCon,qRCon,medCat,qRCat,meanCon,varCon,meanCat,varCat
0.19596455059752446,0.0026141445694391197,0.16402893352147596,0.01449242202471518,0.1959,0.0019,0.1647,0.0095
