medCon,qRCon,medCat,qRCat,meanCon,varCon,meanCat,varCat
0.09757339191033329,0.007005909723751522,0.2866874044799852,0.057667857518125476,0.0966,0.0053,0.2726,0.0282
