medCon,qRCon,medCat,qRCat,meanCon,varCon,meanCat,varCat
0.05048711762686943,0.0012947843993144706,0.4888173317025939,0.017313438787386393,0.0504,0.0019,0.4929,0.0122
