medCon,qRCon,medCat,qRCat,meanCon,varCon,meanCat,varCat
0.1079758788949659,0.0006426445385594587,0.2023747728147351,0.0014676122082870335,0.1078,0.0005,0.2023,0.0009
