medCon,qRCon,medCat,qRCat,meanCon,varCon,meanCat,varCat
0.10935734633546365,0.001122737668363294,0.6961350195250937,0.0022847537469871115,0.1094,0.0007,0.6961,0.0022
