medCon,qRCon,medCat,qRCat,meanCon,varCon,meanCat,varCat
0.33729496102137346,0.004224648268426501,0.6011788585506432,0.012419616624040897,0.3367986113694828,0.0027266102679683072,0.5952438433742915,0.015406230941667636
