medCon,qRCon,medCat,qRCat,meanCon,varCon,meanCat,varCat
0.784309525404997,0.00461354332621966,0.5853744025145259,0.0014567349354699388,0.7839,0.0035,0.5854,0.001
