medCon,qRCon,medCat,qRCat,meanCon,varCon,meanCat,varCat
0.11819506071202696,0.0017882009115892938,0.6611853692690528,0.005140553779334867,0.1184,0.001,0.661,0.0025
