medCon,qRCon,medCat,qRCat,meanCon,varCon,meanCat,varCat
0.3998914416299294,0.0006285137803197505,0.6468560363256635,0.002766035294643032,0.3999,0.0005,0.6468,0.0013
