medCon,qRCon,medCat,qRCat,meanCon,varCon,meanCat,varCat
0.11377423680194829,0.0062583823593835575,0.6312885094179173,0.01833689239795966,0.1155,0.0042,0.6282,0.0143
