medCon,qRCon,medCat,qRCat,meanCon,varCon,meanCat,varCat
0.24323913429597072,0.004626302268831095,0.5615273581190463,0.02811327376814443,0.2428,0.0034,0.5708,0.0179
