medCon,qRCon,medCat,qRCat,meanCon,varCon,meanCat,varCat
0.24195877731985393,0.005704092973969871,0.590208735377691,0.0274792271447849,0.2427,0.0034,0.5839,0.0156
