medCon,qRCon,medCat,qRCat,meanCon,varCon,meanCat,varCat
0.2569949221199024,0.0034655133731927856,0.5323038852162989,0.030892453128580466,0.2575621118224341,0.005369955717813657,0.5330743214444378,0.025468804567147132
