medCon,qRCon,medCat,qRCat,meanCon,varCon,meanCat,varCat
0.24544741478545062,0.0012770949191746872,0.6178559199891704,0.00437633043522867,0.2453,0.0011,0.6162,0.0052
