medCon,qRCon,medCat,qRCat,meanCon,varCon,meanCat,varCat
0.2631090793689308,0.0033312421008236393,0.5581464205372502,0.008571805425077517,0.2624,0.0023,0.5584,0.0051
