medCon,qRCon,medCat,qRCat,meanCon,varCon,meanCat,varCat
3.2637734429812237,1.2694985441191542,0.47720546868480773,0.04263961232700425,3.2187,0.8796,0.4715,0.0316
