medCon,qRCon,medCat,qRCat,meanCon,varCon,meanCat,varCat
0.24483379222162488,0.002913921394382568,0.634194825816397,0.009431944978416484,0.2447,0.0019,0.6361,0.0063
