medCon,qRCon,medCat,qRCat,meanCon,varCon,meanCat,varCat
0.07222174302905499,0.004349002227425167,0.6419322410801054,0.011246096003724948,0.0728,0.0026,0.6422,0.0076
