medCon,qRCon,medCat,qRCat,meanCon,varCon,meanCat,varCat
0.07331773244091044,0.0017097231928847878,0.6363037407779353,0.010061522686490632,0.0736,0.0014,0.637,0.0071
