medCon,qRCon,medCat,qRCat,meanCon,varCon,meanCat,varCat
0.11115329551650284,0.0047667842723529,0.5551813894879895,0.058653471188440776,0.11072708258186854,0.0027318862964404635,0.5621940805719212,0.03991091429668331
