medCon,qRCon,medCat,qRCat,meanCon,varCon,meanCat,varCat
0.1250744407642303,0.0011765309053689277,0.6278843720246345,0.01199794808605048,0.125,0.0009,0.6278,0.0064
