medCon,qRCon,medCat,qRCat,meanCon,varCon,meanCat,varCat
0.07756227545987326,0.0024815082915350117,0.5893224742482455,0.014959069612809572,0.0775,0.0015,0.5914,0.0081
