medCon,qRCon,medCat,qRCat,meanCon,varCon,meanCat,varCat
2.359990382001772,1.6003081430416408,0.47642746392025626,0.06817594499565377,2.5883,0.9197,0.4871,0.0359
