medCon,qRCon,medCat,qRCat,meanCon,varCon,meanCat,varCat
0.07621091878333211,0.0042500581780744034,0.6174041639608538,0.03999317106482614,0.076,0.0023,0.6181,0.021
