medCon,qRCon,medCat,qRCat,meanCon,varCon,meanCat,varCat
0.06057924928135682,0.0011031771732290183,0.5840853225916494,0.0037924166041821694,0.0605,0.0007,0.5845,0.0027
