medCon,qRCon,medCat,qRCat,meanCon,varCon,meanCat,varCat
0.05906716629607038,0.001609300839345365,0.5777742547996378,0.007254890707687145,0.059,0.0008,0.5788,0.0042
