medCon,qRCon,medCat,qRCat,meanCon,varCon,meanCat,varCat
0.11793866955645547,0.011188442496343598,0.47506156796257304,0.04216394456773337,0.12430530855435606,0.022862928160096357,0.4732651617396505,0.030894088676472153
