medCon,qRCon,medCat,qRCat,meanCon,varCon,meanCat,varCat
0.08869997557690769,0.0004817120441293482,0.5779366321032599,0.0030700992796887094,0.0889,0.0004,0.5777,0.0019
