medCon,qRCon,medCat,qRCat,meanCon,varCon,meanCat,varCat
0.06375453359557397,0.0013550721052545261,0.5145877589916386,0.004699257856660588,0.0637,0.0011,0.5154,0.0038
