medCon,qRCon,medCat,qRCat,meanCon,varCon,meanCat,varCat
0.8274499297214841,0.5097374868907615,0.49710017869163814,0.04594756701331515,0.9912,0.5207,0.502,0.0294
