medCon,qRCon,medCat,qRCat,meanCon,varCon,meanCat,varCat
0.06113867035241113,0.001685911224222486,0.5556680694021843,0.02170163429330274,0.0613,0.0009,0.5578,0.0114
