medCon,qRCon,medCat,qRCat,meanCon,varCon,meanCat,varCat
0.05498023814924877,0.0008330884778778164,0.0,0.0,0.055090404789884355,0.000755258088659801,0.0,0.0
