medCon,qRCon,medCat,qRCat,meanCon,varCon,meanCat,varCat
0.056637848161562615,0.0004808803235233014,0.0,0.0,0.0565729266416657,0.000371357715935062,0.0,0.0
