medCon,qRCon,medCat,qRCat,meanCon,varCon,meanCat,varCat
0.051593691293577354,0.000563250236848778,0.0,0.0,0.05160018552696308,0.00047886331758998697,0.0,0.0
