medCon,qRCon,medCat,qRCat,meanCon,varCon,meanCat,varCat
0.2328606788502839,0.0008201858778322801,0.6105552363834825,0.004484625023605693,0.2329,0.0006,0.6094,0.0067
