medCon,qRCon,medCat,qRCat,meanCon,varCon,meanCat,varCat
0.23182831351061509,0.0016281939400464018,0.6125451759125803,0.013116720518907332,0.2315,0.0008,0.6115,0.0066
