medCon,qRCon,medCat,qRCat,meanCon,varCon,meanCat,varCat
0.33609900417012223,0.050406245414636563,0.5787198158226505,0.040693295220640024,0.3364357330245117,0.030876973694446638,0.5724557617259045,0.026393022822686983
