medCon,qRCon,medCat,qRCat,meanCon,varCon,meanCat,varCat
0.2322567536247688,0.0005835845728415501,0.6133235120143821,0.0015425897430085822,0.2323,0.0005,0.613,0.0021
