medCon,qRCon,medCat,qRCat,meanCon,varCon,meanCat,varCat
0.25293162565965377,0.0027959614127124333,0.5672445275931932,0.005214590851415735,0.253,0.0029,0.5677,0.0029
