medCon,qRCon,medCat,qRCat,meanCon,varCon,meanCat,varCat
4.5471238069395294,1.4542676194547592,0.5273481386870837,0.037555634259312964,4.6104,1.0387,0.5289,0.0301
