medCon,qRCon,medCat,qRCat,meanCon,varCon,meanCat,varCat
0.27429904328205057,0.007092421459080178,0.615100870511095,0.0018824694330218383,0.2719,0.0055,0.6154,0.0021
