medCon,qRCon,medCat,qRCat,meanCon,varCon,meanCat,varCat
0.0708369173417306,0.0018887762081549603,0.6300303141938185,0.006917116085621067,0.0711,0.0018,0.6307,0.0044
