medCon,qRCon,medCat,qRCat,meanCon,varCon,meanCat,varCat
0.06902407405397275,0.0030141126967846987,0.621706798078739,0.00398950031382983,0.0695,0.0017,0.62,0.0062
