medCon,qRCon,medCat,qRCat,meanCon,varCon,meanCat,varCat
0.11859611811264592,0.004953016434810123,0.5674721902927368,0.02644019006407783,0.1191544019818394,0.0035379372142591912,0.5675717634575644,0.022608874772333212
