medCon,qRCon,medCat,qRCat,meanCon,varCon,meanCat,varCat
0.11483674602648872,0.0007786564356165038,0.6151968084907224,0.0054872553322006246,0.1147,0.0007,0.6134,0.003
