medCon,qRCon,medCat,qRCat,meanCon,varCon,meanCat,varCat
0.08047175739921766,0.0014349852713038541,0.5615510521579248,0.0043210922819489905,0.0805,0.001,0.5604,0.0044
