medCon,qRCon,medCat,qRCat,meanCon,varCon,meanCat,varCat
1.2421887914947143,0.30851989309212136,0.42229892790267787,0.11241482629922656,1.2434,0.4468,0.4219,0.0736
