medCon,qRCon,medCat,qRCat,meanCon,varCon,meanCat,varCat
0.08620150316159036,0.006659505903218399,0.5951734162729896,0.026932674020112457,0.0848,0.0033,0.5973,0.014
