medCon,qRCon,medCat,qRCat,meanCon,varCon,meanCat,varCat
0.2244953201858348,0.0019846031747614012,0.6442877778828671,0.00653997957665664,0.2246,0.001,0.6433,0.0062
