medCon,qRCon,medCat,qRCat,meanCon,varCon,meanCat,varCat
0.22442882901890773,0.0011497042639331823,0.6476694549509645,0.0103621835381561,0.2244,0.0008,0.6483,0.0063
