medCon,qRCon,medCat,qRCat,meanCon,varCon,meanCat,varCat
0.24506441414422314,0.0018420795453493732,0.5785394061599389,0.020568537975874435,0.2452041715346486,0.0013810731786091717,0.5745927120886117,0.014852963041759525
