medCon,qRCon,medCat,qRCat,meanCon,varCon,meanCat,varCat
0.2333147727016932,0.0007131688748737708,0.6034723686067326,0.0024469955485645345,0.2334,0.0006,0.604,0.002
