medCon,qRCon,medCat,qRCat,meanCon,varCon,meanCat,varCat
0.25118843961399073,0.0003951713129290435,0.5664089452131574,0.005592078133964895,0.2512,0.0007,0.5658,0.0032
