medCon,qRCon,medCat,qRCat,meanCon,varCon,meanCat,varCat
4.866687132697519,1.3450160865422598,0.506628447308302,0.054786729131965306,4.9519,1.0476,0.5069,0.0286
