medCon,qRCon,medCat,qRCat,meanCon,varCon,meanCat,varCat
0.2541445779571496,0.005323639988218165,0.6118311415537814,0.005379623754273033,0.2556,0.0058,0.6118,0.0034
