medCon,qRCon,medCat,qRCat,meanCon,varCon,meanCat,varCat
0.0551188174666681,0.0014003340991327468,0.5890331837929789,0.0070858476166262285,0.055,0.0009,0.5899,0.0038
