medCon,qRCon,medCat,qRCat,meanCon,varCon,meanCat,varCat
0.053492757309936884,0.0013259475006638516,0.5869683760354406,0.010077788306591895,0.0536,0.0008,0.5856,0.0057
