medCon,qRCon,medCat,qRCat,meanCon,varCon,meanCat,varCat
0.09372066929964594,0.004369703377452419,0.4929037205133159,0.07308225035344712,0.09454594196361202,0.0041723699237721365,0.49652843799239815,0.0371762718176759
