medCon,qRCon,medCat,qRCat,meanCon,varCon,meanCat,varCat
0.0886014656472057,0.0013621911670511216,0.5787187714726694,0.004159486515501798,0.0886,0.0007,0.5779,0.0028
