medCon,qRCon,medCat,qRCat,meanCon,varCon,meanCat,varCat
0.05919581108968155,0.0014299368287797251,0.5230338855788361,0.00862828045769748,0.059,0.0011,0.5237,0.0055
