medCon,qRCon,medCat,qRCat,meanCon,varCon,meanCat,varCat
0.4629062443202948,0.3209553863956341,0.4517241379310345,0.05650913751656389,0.5551,0.4172,0.4635,0.0486
