medCon,qRCon,medCat,qRCat,meanCon,varCon,meanCat,varCat
0.05196792867913656,0.0016615596144561456,0.5758176405394142,0.01147072820593853,0.0519,0.0008,0.5786,0.0083
