medCon,qRCon,medCat,qRCat,meanCon,varCon,meanCat,varCat
0.07542743109414635,0.0009605539959997578,0.0,0.0,0.07540235907026531,0.0007518109055347404,0.0,0.0
