medCon,qRCon,medCat,qRCat,meanCon,varCon,meanCat,varCat
0.0725085533374878,0.0007165058287264409,0.0,0.0,0.07250397132823377,0.0005351926118021759,0.0,0.0
