medCon,qRCon,medCat,qRCat,meanCon,varCon,meanCat,varCat
0.06692445439503801,0.0013306948853712974,0.0,0.0,0.06676525923170616,0.0012454356665448786,0.0,0.0
