medCon,qRCon,medCat,qRCat,meanCon,varCon,meanCat,varCat
0.08081485163283654,0.001869592216065627,0.5162378097788445,0.01282820604715662,0.0808,0.0013,0.5162,0.01
