medCon,qRCon,medCat,qRCat,meanCon,varCon,meanCat,varCat
0.08447309184716503,0.0018114219478020388,0.3124422365988909,0.008982394732373278,0.0845,0.0014,0.3125,0.007
