medCon,qRCon,medCat,qRCat,meanCon,varCon,meanCat,varCat
0.0812087167151895,0.0018028610759162206,0.5124798868869556,0.011868033561213798,0.0808,0.0012,0.5115,0.0061
