medCon,qRCon,medCat,qRCat,meanCon,varCon,meanCat,varCat
0.08256386333936273,0.0016049988493073986,0.5168574676247311,0.013621299213357307,0.0827,0.0012,0.5163,0.01
