medCon,qRCon,medCat,qRCat,meanCon,varCon,meanCat,varCat
0.0919409664199172,0.020488068360146355,0.35272657775069677,0.05099265618643434,0.09426926074161958,0.015367065598183396,0.35576269705540503,0.03945624195406949
