medCon,qRCon,medCat,qRCat,meanCon,varCon,meanCat,varCat
0.2946436274521327,0.0019505124985992883,0.3662657642698535,0.006368726147344572,0.2948,0.0017,0.3671,0.0061
