medCon,qRCon,medCat,qRCat,meanCon,varCon,meanCat,varCat
0.04958323955200461,0.0018606573391869302,0.4929405886406124,0.012443900373633687,0.04972826618533041,0.0013359404274957184,0.49266602931707526,0.009620997098269095
