medCon,qRCon,medCat,qRCat,meanCon,varCon,meanCat,varCat
0.15021581646554372,0.0012652780630707239,0.36476170499832766,0.008831128716866865,0.1501,0.001,0.3655,0.0066
