medCon,qRCon,medCat,qRCat,meanCon,varCon,meanCat,varCat
0.0402434789387968,0.001271799637277568,0.5177507469851502,0.005890418725852387,0.0402,0.0008,0.5185,0.0072
