medCon,qRCon,medCat,qRCat,meanCon,varCon,meanCat,varCat
0.05500701498959924,0.004988269655386464,0.434696917077855,0.02913061541308193,0.0542,0.0025,0.4381,0.0177
