medCon,qRCon,medCat,qRCat,meanCon,varCon,meanCat,varCat
0.07638966239577746,0.0022174673077008378,0.31167628667628666,0.013130586762835572,0.0764,0.0018,0.3132,0.0094
