medCon,qRCon,medCat,qRCat,meanCon,varCon,meanCat,varCat
0.0725644472778246,0.0020623506919215245,0.5188417665505534,0.016251350951220433,0.0725,0.0016,0.5183,0.0136
