medCon,qRCon,medCat,qRCat,meanCon,varCon,meanCat,varCat
0.07239736519069444,0.0025321925132746614,0.5230970104750992,0.016810141295267145,0.0721,0.002,0.5236,0.0141
