medCon,qRCon,medCat,qRCat,meanCon,varCon,meanCat,varCat
0.07486005901269807,0.0020650286576745086,0.5176685696143966,0.017753898228011433,0.0751,0.0016,0.518,0.0148
