medCon,qRCon,medCat,qRCat,meanCon,varCon,meanCat,varCat
0.0729873105886317,0.010227925500707336,0.46246067489567005,0.06137796984697963,0.07675335585723461,0.01425407944082854,0.45323563286340324,0.04034279751058504
