medCon,qRCon,medCat,qRCat,meanCon,varCon,meanCat,varCat
0.29483214808583796,0.0012935901657933346,0.36511568777015,0.013439437411159494,0.295,0.001,0.3662,0.0093
