medCon,qRCon,medCat,qRCat,meanCon,varCon,meanCat,varCat
0.03929459156755541,0.0013621025359953007,0.5,0.015497398949286423,0.03931846936248488,0.000970220709500853,0.5002189926187733,0.012346464074346863
