medCon,qRCon,medCat,qRCat,meanCon,varCon,meanCat,varCat
0.1471937151819486,0.002141525960902696,0.3670765627287367,0.015101876735075015,0.1472,0.0019,0.3662,0.0102
