medCon,qRCon,medCat,qRCat,meanCon,varCon,meanCat,varCat
0.03790204074696145,0.002114383241389982,0.506034667969065,0.01166644834252284,0.0379,0.0016,0.5086,0.015
