medCon,qRCon,medCat,qRCat,meanCon,varCon,meanCat,varCat
0.03298841545116966,0.001695453069714102,0.5370051712412263,0.016882707308910283,0.0331,0.001,0.5364,0.012
