medCon,qRCon,medCat,qRCat,meanCon,varCon,meanCat,varCat
0.22786811185948277,0.0029746511873758597,0.6302346990835233,0.009980248257738022,0.2279,0.002,0.6297,0.0084
