medCon,qRCon,medCat,qRCat,meanCon,varCon,meanCat,varCat
0.2272834729257896,0.002198448906961109,0.6311624436054415,0.01514275814574717,0.2277,0.0019,0.6322,0.0084
