medCon,qRCon,medCat,qRCat,meanCon,varCon,meanCat,varCat
0.23795882986996897,0.007216246154167633,0.598220872369115,0.034461303062311766,0.24026367343960797,0.0055655660125820145,0.5803306602579738,0.04132106032009951
