medCon,qRCon,medCat,qRCat,meanCon,varCon,meanCat,varCat
0.2319867121940147,0.00201729171109688,0.6122398784758583,0.007948285097988061,0.2323,0.0019,0.6124,0.0042
