medCon,qRCon,medCat,qRCat,meanCon,varCon,meanCat,varCat
0.24937684298082452,0.005659924287287704,0.5697009418992602,0.00881891944323554,0.249,0.0031,0.5722,0.0063
