medCon,qRCon,medCat,qRCat,meanCon,varCon,meanCat,varCat
2.867571857056074,1.4901414385855989,0.5019848419649016,0.0367138528650216,3.3289,1.5685,0.4844,0.0431
