medCon,qRCon,medCat,qRCat,meanCon,varCon,meanCat,varCat
0.2277474009517586,0.0033587989830502207,0.6372172610237359,0.011111331327451346,0.2284,0.002,0.6384,0.0066
