medCon,qRCon,medCat,qRCat,meanCon,varCon,meanCat,varCat
0.10786274986852076,0.0005114494840823131,0.2034846160253108,0.0008965048348128779,0.1078,0.0005,0.2036,0.0008
