medCon,qRCon,medCat,qRCat,meanCon,varCon,meanCat,varCat
0.10862115340089792,0.0010531098577800935,0.6972446374656363,0.0031690658674918826,0.1084,0.0006,0.697,0.002
