medCon,qRCon,medCat,qRCat,meanCon,varCon,meanCat,varCat
0.3468830737589449,0.06535806344874112,0.4690808502006265,0.08713253168372981,0.3312935508583355,0.031023887049559145,0.46765758272361213,0.050035421930115086
