medCon,qRCon,medCat,qRCat,meanCon,varCon,meanCat,varCat
0.771180887631912,0.004703858313672704,0.5921522623237014,0.0023218307267446336,0.7698,0.003,0.592,0.0011
