medCon,qRCon,medCat,qRCat,meanCon,varCon,meanCat,varCat
0.1234377004063619,0.0006152701147583844,0.6235155705035482,0.0036286606916983155,0.1235,0.0003,0.624,0.0019
