medCon,qRCon,medCat,qRCat,meanCon,varCon,meanCat,varCat
0.4065743813992718,0.0005383033870411391,0.6469299753587872,0.002716621306401601,0.4064,0.0006,0.6468,0.0019
