medCon,qRCon,medCat,qRCat,meanCon,varCon,meanCat,varCat
0.11952640082273047,0.0069200214855550946,0.6284643170967765,0.012766141393344421,0.1194,0.0035,0.6269,0.0122
