medCon,qRCon,medCat,qRCat,meanCon,varCon,meanCat,varCat
0.053023019690842624,0.0019878318230050346,0.0,0.0,0.053100159978497395,0.0014654811818137013,0.0,0.0
