medCon,qRCon,medCat,qRCat,meanCon,varCon,meanCat,varCat
0.05350279089457973,0.001978227107388722,0.0,0.0,0.05358637104836551,0.0013846939759762367,0.0,0.0
