medCon,qRCon,medCat,qRCat,meanCon,varCon,meanCat,varCat
0.04251714184275272,0.002257306193586918,0.0,0.0,0.04260235522443333,0.001534630684960914,0.0,0.0
