medCon,qRCon,medCat,qRCat,meanCon,varCon,meanCat,varCat
0.10098002694291569,0.0007214582573439737,0.20585521254625258,0.007027648070040249,0.1008,0.0004,0.2067,0.0039
