medCon,qRCon,medCat,qRCat,meanCon,varCon,meanCat,varCat
0.10213109046377934,0.0006040653733245804,0.7304992316983727,0.005085039170354633,0.1021,0.0008,0.73,0.0029
