medCon,qRCon,medCat,qRCat,meanCon,varCon,meanCat,varCat
0.2460255949049972,0.019045785758233624,0.6169164781822853,0.041392520503102714,0.24641286100546456,0.009747887510343604,0.6125162633643415,0.025355643501488154
