medCon,qRCon,medCat,qRCat,meanCon,varCon,meanCat,varCat
0.7837090240155444,0.004415664696603594,0.5866884635810641,0.0013989355879683307,0.7832,0.0033,0.5866,0.0015
