medCon,qRCon,medCat,qRCat,meanCon,varCon,meanCat,varCat
0.11282085202781408,0.0013828371578961801,0.6985979035617002,0.0034467233517432305,0.113,0.0011,0.6979,0.0028
