medCon,qRCon,medCat,qRCat,meanCon,varCon,meanCat,varCat
0.4002077264898372,0.0018301521013392996,0.6709265970851528,0.0029751504140187457,0.3999,0.0009,0.6709,0.0016
