medCon,qRCon,medCat,qRCat,meanCon,varCon,meanCat,varCat
0.10812047038846784,0.003035440917361007,0.7015175610379629,0.009135993303743262,0.1078,0.0022,0.7003,0.0072
