medCon,qRCon,medCat,qRCat,meanCon,varCon,meanCat,varCat
0.05056300418740063,0.0004220465282578287,0.6030853821672758,0.00785734958378459,0.0504,0.0007,0.6019,0.0052
