medCon,qRCon,medCat,qRCat,meanCon,varCon,meanCat,varCat
0.05090982359860932,0.001503350551675317,0.5891503325098917,0.006324446460818534,0.0504,0.0012,0.5893,0.0058
