medCon,qRCon,medCat,qRCat,meanCon,varCon,meanCat,varCat
0.07180493164516427,0.0026419900297569854,0.5393500674556602,0.015153868589959374,0.07173365406994672,0.002102519589377081,0.5311947815548737,0.03307932701995757
