medCon,qRCon,medCat,qRCat,meanCon,varCon,meanCat,varCat
0.08892093080358612,0.002347798925494818,0.5780055759914347,0.00397680230450792,0.0885,0.0014,0.578,0.0039
