medCon,qRCon,medCat,qRCat,meanCon,varCon,meanCat,varCat
0.055783119340352766,0.0007425279408974708,0.5274122483184311,0.025639293501261595,0.0557,0.0007,0.5299,0.0122
