medCon,qRCon,medCat,qRCat,meanCon,varCon,meanCat,varCat
0.2603320028127438,0.2172943494846058,0.5094876660341556,0.04456504874736744,0.2793,0.116,0.5093,0.0388
