medCon,qRCon,medCat,qRCat,meanCon,varCon,meanCat,varCat
0.04734291631378015,0.0008526349883500178,0.6196088306577628,0.02066212751492169,0.0471,0.001,0.6152,0.0156
