medCon,qRCon,medCat,qRCat,meanCon,varCon,meanCat,varCat
0.06473045767757869,0.0028291691245652395,0.5204395604395604,0.032000697492179264,0.0649,0.0024,0.5193,0.024
