medCon,qRCon,medCat,qRCat,meanCon,varCon,meanCat,varCat
0.0694455166325047,0.002903686386719964,0.44213319040600296,0.04662771010380029,0.0694,0.0022,0.4366,0.0375
