medCon,qRCon,medCat,qRCat,meanCon,varCon,meanCat,varCat
0.06773991591745707,0.003705225796476669,0.51844253003854,0.03616008389739134,0.0678,0.0024,0.5209,0.0249
