medCon,qRCon,medCat,qRCat,meanCon,varCon,meanCat,varCat
0.0639843036640801,0.002545134164329263,0.5235907644666769,0.07821427214107451,0.064,0.0018,0.5247,0.0362
