medCon,qRCon,medCat,qRCat,meanCon,varCon,meanCat,varCat
0.05677834590332494,0.006343435606585027,0.45793727884548674,0.0527895992766807,0.05743604477197185,0.009000956732232834,0.4589438709307326,0.043724803147658635
