medCon,qRCon,medCat,qRCat,meanCon,varCon,meanCat,varCat
0.2973788754082887,0.0036953652618872956,0.3589587852494577,0.021925010847647974,0.2964,0.0041,0.3646,0.0183
