medCon,qRCon,medCat,qRCat,meanCon,varCon,meanCat,varCat
0.032074939724117166,0.0021557462835733003,0.5083144283760126,0.035242713808338655,0.03250714920905337,0.001858308141973263,0.5070052229437995,0.025196598096969933
