medCon,qRCon,medCat,qRCat,meanCon,varCon,meanCat,varCat
0.1408013733794084,0.005565277188206069,0.36891640866873066,0.026888073037715288,0.1408,0.0037,0.3676,0.02
