medCon,qRCon,medCat,qRCat,meanCon,varCon,meanCat,varCat
0.029808638104440857,0.00232005285972341,0.540006122308955,0.027189705271897013,0.0306,0.0017,0.5315,0.0197
