medCon,qRCon,medCat,qRCat,meanCon,varCon,meanCat,varCat
0.028526754410042304,0.0030519914322531226,0.5544615143060738,0.042819634703196385,0.0296,0.0019,0.5483,0.0293
