medCon,qRCon,medCat,qRCat,meanCon,varCon,meanCat,varCat
0.09321947615530404,0.00526413972065147,0.5148002033802782,0.038342911330843665,0.0934,0.0046,0.517,0.0259
