medCon,qRCon,medCat,qRCat,meanCon,varCon,meanCat,varCat
0.10038699684618405,0.006504368466453553,0.45063752768923226,0.031132625851762852,0.1005,0.005,0.4529,0.0236
