medCon,qRCon,medCat,qRCat,meanCon,varCon,meanCat,varCat
0.0935540937196641,0.00429005674682556,0.49863285807451374,0.021045105687577226,0.094,0.0031,0.5082,0.0266
