medCon,qRCon,medCat,qRCat,meanCon,varCon,meanCat,varCat
0.09959336166409385,0.006962957062784242,0.5179741578218735,0.033439286792858125,0.0993,0.005,0.5171,0.0253
