medCon,qRCon,medCat,qRCat,meanCon,varCon,meanCat,varCat
0.09208829784951841,0.01527248397581546,0.46557726252478804,0.03875438378871299,0.09423176152263898,0.0131667693936782,0.4620237097988172,0.03258334839277867
