medCon,qRCon,medCat,qRCat,meanCon,varCon,meanCat,varCat
0.2524621329927928,0.0028153145810168034,0.4490138598737561,0.014716513477228133,0.2521,0.0023,0.4489,0.019
