medCon,qRCon,medCat,qRCat,meanCon,varCon,meanCat,varCat
0.05711330811960752,0.00504156277910861,0.481685903127158,0.024494705486386104,0.05711584859068804,0.003889701614769502,0.48127490770757153,0.021439466163504704
