medCon,qRCon,medCat,qRCat,meanCon,varCon,meanCat,varCat
0.2012089203817785,0.004041108976197416,0.4543135435992579,0.03037463579111277,0.2008,0.0032,0.4566,0.021
