medCon,qRCon,medCat,qRCat,meanCon,varCon,meanCat,varCat
0.04395069077646602,0.003347991327864168,0.49190040209991603,0.030606285239346775,0.0448,0.0026,0.4916,0.028
