medCon,qRCon,medCat,qRCat,meanCon,varCon,meanCat,varCat
0.060380491364713074,0.008175705397486958,0.5036173820141212,0.017434863220895824,0.0599,0.0039,0.502,0.018
