medCon,qRCon,medCat,qRCat,meanCon,varCon,meanCat,varCat
0.10027343842205583,0.0024871478539051084,0.5765963489439275,0.015340631342940392,0.1004,0.0022,0.5793,0.0139
