medCon,qRCon,medCat,qRCat,meanCon,varCon,meanCat,varCat
0.09969670132390415,0.0015951710754480986,0.7616736699481432,0.007144234188057208,0.1001,0.002,0.7604,0.0042
