medCon,qRCon,medCat,qRCat,meanCon,varCon,meanCat,varCat
0.17274428961859165,0.021587680798006104,0.6155808203809077,0.024632466333773917,0.17209756186623554,0.009982053909639367,0.6202836467592633,0.016269725064150843
