medCon,qRCon,medCat,qRCat,meanCon,varCon,meanCat,varCat
0.7610080025892048,0.007856353945966177,0.5949765113593026,0.004276580360170978,0.7615,0.0061,0.5936,0.0028
