medCon,qRCon,medCat,qRCat,meanCon,varCon,meanCat,varCat
0.12031231391851047,0.003058844527191254,0.7228604413137036,0.006352630199787712,0.121,0.0018,0.7227,0.0045
