medCon,qRCon,medCat,qRCat,meanCon,varCon,meanCat,varCat
0.4189717163864445,0.0020457134612799632,0.6911151638402542,0.003990295172177749,0.4188,0.0017,0.6915,0.003
