medCon,qRCon,medCat,qRCat,meanCon,varCon,meanCat,varCat
0.10764371074082596,0.001785051014899272,0.700507836259382,0.02274724529163985,0.1077,0.0013,0.697,0.013
