medCon,qRCon,medCat,qRCat,meanCon,varCon,meanCat,varCat
0.09429072417064846,0.0017135873172335475,0.70710132046325,0.006124315771491529,0.0949,0.0014,0.7059,0.007
