medCon,qRCon,medCat,qRCat,meanCon,varCon,meanCat,varCat
0.09485511122152487,0.0013303302241023801,0.7583303658433573,0.005497087962601621,0.0949,0.001,0.7588,0.0031
