medCon,qRCon,medCat,qRCat,meanCon,varCon,meanCat,varCat
0.11133572222480956,0.0028122968258283143,0.6808500669797384,0.006802901172743403,0.11168481988415672,0.0027063848724902142,0.6811486707980723,0.005019976087456186
