medCon,qRCon,medCat,qRCat,meanCon,varCon,meanCat,varCat
0.7838923699896454,0.010125953668510101,0.5858072186109278,0.003556798213591783,0.7832,0.0049,0.5856,0.0016
