medCon,qRCon,medCat,qRCat,meanCon,varCon,meanCat,varCat
0.10476467544634774,0.0020859397568572524,0.7334317597672689,0.00511514280076375,0.105,0.001,0.7335,0.0041
