medCon,qRCon,medCat,qRCat,meanCon,varCon,meanCat,varCat
0.4009033864079334,0.002468144637114922,0.6904608395045935,0.005183278070710506,0.4004,0.0018,0.6912,0.0026
