medCon,qRCon,medCat,qRCat,meanCon,varCon,meanCat,varCat
0.09488413030802241,0.0010575110460530335,0.7147758775591964,0.012644135272944168,0.0947,0.0013,0.7163,0.0104
