medCon,qRCon,medCat,qRCat,meanCon,varCon,meanCat,varCat
0.09719136772373346,0.006196581584171884,0.4982769423558897,0.0661423969126046,0.0972,0.0044,0.4953,0.0407
