medCon,qRCon,medCat,qRCat,meanCon,varCon,meanCat,varCat
0.10429201216806976,0.006565192747962564,0.4,0.025049977434462467,0.1034,0.0052,0.398,0.0249
