medCon,qRCon,medCat,qRCat,meanCon,varCon,meanCat,varCat
0.10267488181264178,0.0071123500371643444,0.49070479641131814,0.061687764643834964,0.1027,0.0053,0.4886,0.0405
