medCon,qRCon,medCat,qRCat,meanCon,varCon,meanCat,varCat
0.09417261640245134,0.004913814820279472,0.5027061683986145,0.0969108662136699,0.0947,0.003,0.4954,0.0467
