medCon,qRCon,medCat,qRCat,meanCon,varCon,meanCat,varCat
0.16311364212179152,0.043966820227088976,0.4341958110294357,0.06768054000169393,0.16526941810460305,0.032928786610598414,0.4339481505652727,0.059408178296584346
