medCon,qRCon,medCat,qRCat,meanCon,varCon,meanCat,varCat
0.2524138755925815,0.0020734823997497487,0.5237794612794613,0.041909600281859805,0.2529,0.0021,0.4829,0.128
