medCon,qRCon,medCat,qRCat,meanCon,varCon,meanCat,varCat
0.05772511274026497,0.005502868110280237,0.48406682284694336,0.029703486837663495,0.0577168908049733,0.0037932444380059417,0.48550177727783383,0.02521266423862087
