medCon,qRCon,medCat,qRCat,meanCon,varCon,meanCat,varCat
0.20421853337362234,0.003731351568835861,0.5169572211825733,0.029703135232614364,0.204,0.003,0.5173,0.0215
