medCon,qRCon,medCat,qRCat,meanCon,varCon,meanCat,varCat
0.0457265183043573,0.0034050888811345548,0.4890422723369064,0.036783991000858496,0.0458,0.0025,0.4912,0.0263
