medCon,qRCon,medCat,qRCat,meanCon,varCon,meanCat,varCat
0.06077520180637789,0.004199150091113747,0.5293186806196126,0.042060360927847484,0.0613,0.0043,0.514,0.0566
