medCon,qRCon,medCat,qRCat,meanCon,varCon,meanCat,varCat
0.0781995878296464,0.0017048978163620443,0.6124165141090332,0.00509394117849582,0.0784,0.0009,0.6095,0.0058
