medCon,qRCon,medCat,qRCat,meanCon,varCon,meanCat,varCat
0.07635720174276031,0.0036088140792422674,0.6116371818071779,0.002548937220332337,0.0761,0.0026,0.612,0.0028
