medCon,qRCon,medCat,qRCat,meanCon,varCon,meanCat,varCat
0.13750300851058536,0.004364181221633151,0.590922017895174,0.03658503937765356,0.13744930886405157,0.004921241069939141,0.5775135558296706,0.023508159131833965
