medCon,qRCon,medCat,qRCat,meanCon,varCon,meanCat,varCat
0.11136846240213036,0.0007609043074437161,0.605154076920356,0.0035967395591429696,0.1114,0.0004,0.6042,0.0018
