medCon,qRCon,medCat,qRCat,meanCon,varCon,meanCat,varCat
0.08417739139362924,0.0009363976008889691,0.5360108855665799,0.008101092637624152,0.0842,0.0006,0.5356,0.0042
