medCon,qRCon,medCat,qRCat,meanCon,varCon,meanCat,varCat
0.16669781193552158,0.21239850541112448,0.44462727728564266,0.09591023965178713,0.2963,0.28,0.4427,0.0606
