medCon,qRCon,medCat,qRCat,meanCon,varCon,meanCat,varCat
0.10079348727326562,0.0025114759262752223,0.5893107743783886,0.019669641591624765,0.1006,0.0022,0.5905,0.0123
