medCon,qRCon,medCat,qRCat,meanCon,varCon,meanCat,varCat
0.23828556523915934,0.00615119561757943,0.5988243006950145,0.030245549832836338,0.237,0.0041,0.5976,0.0167
