medCon,qRCon,medCat,qRCat,meanCon,varCon,meanCat,varCat
0.2360507879302943,0.0008685751508804296,0.6119672785745165,0.016724707666742944,0.236,0.0013,0.6057,0.0149
