medCon,qRCon,medCat,qRCat,meanCon,varCon,meanCat,varCat
0.2516632017634386,0.003886871688058513,0.5626333501254385,0.035983145879825096,0.2517708015665948,0.003253343280793741,0.5590200858937966,0.02110951869294923
