medCon,qRCon,medCat,qRCat,meanCon,varCon,meanCat,varCat
0.2413811711164574,0.001093329509560509,0.5789936027197937,0.004416138319850105,0.2416,0.0005,0.5787,0.0022
