medCon,qRCon,medCat,qRCat,meanCon,varCon,meanCat,varCat
0.25817682557462407,0.0003566434528378126,0.5535223615957074,0.004051164166006926,0.2583,0.0004,0.5543,0.0041
