medCon,qRCon,medCat,qRCat,meanCon,varCon,meanCat,varCat
3.1295730957042287,0.5942757614391527,0.49492303436698176,0.06062607489118921,3.153,0.7671,0.4917,0.038
