medCon,qRCon,medCat,qRCat,meanCon,varCon,meanCat,varCat
0.2528319478720682,0.002847095292599189,0.5942642404309166,0.004922628191331158,0.2525,0.0025,0.5942,0.0029
