medCon,qRCon,medCat,qRCat,meanCon,varCon,meanCat,varCat
0.23298323024962314,0.0060318611952930035,0.6137217056808918,0.024131212735408414,0.2342,0.0033,0.6112,0.0138
