medCon,qRCon,medCat,qRCat,meanCon,varCon,meanCat,varCat
0.23374360706228697,0.002189437896450458,0.6181436363987491,0.016622361861511115,0.2334,0.0013,0.6165,0.0106
