medCon,qRCon,medCat,qRCat,meanCon,varCon,meanCat,varCat
0.25056475006750933,0.0042259982595789225,0.562378140743861,0.012793296138767118,0.24986869092415245,0.0033914206456702187,0.5633985823023252,0.010321564241078994
