medCon,qRCon,medCat,qRCat,meanCon,varCon,meanCat,varCat
0.2396770030278223,0.001151756710625701,0.5527083204622804,0.0035390591025209472,0.2397,0.0006,0.5563,0.0126
