medCon,qRCon,medCat,qRCat,meanCon,varCon,meanCat,varCat
0.2564392184080366,0.0013412091132396498,0.5553000203081306,0.0011397067298470898,0.2567,0.0012,0.555,0.0017
