medCon,qRCon,medCat,qRCat,meanCon,varCon,meanCat,varCat
3.9878300803555815,3.2305433984156022,0.5565184676131306,0.0580630405421827,4.7345,1.8955,0.5459,0.0319
