medCon,qRCon,medCat,qRCat,meanCon,varCon,meanCat,varCat
0.2662280328940895,0.008220858401769393,0.5592632035394849,0.003985886367193325,0.265,0.0042,0.5619,0.0114
