medCon,qRCon,medCat,qRCat,meanCon,varCon,meanCat,varCat
0.23029054915666242,0.0010859727464591074,0.6125384496565203,0.0103883230494205,0.2303,0.0007,0.6137,0.0063
