medCon,qRCon,medCat,qRCat,meanCon,varCon,meanCat,varCat
0.22867957338654737,0.0016325354302762773,0.6204252603694747,0.008088525115050205,0.2285,0.001,0.6195,0.0042
