medCon,qRCon,medCat,qRCat,meanCon,varCon,meanCat,varCat
0.24320298533664692,0.006741649265453481,0.5908256243035679,0.013082421516444454,0.24324868242824316,0.0033899239428365913,0.5896575409770646,0.011409701441112457
