medCon,qRCon,medCat,qRCat,meanCon,varCon,meanCat,varCat
0.23178266689858815,0.0012663527501811378,0.6129704014120421,0.0028115232509414723,0.2316,0.0008,0.6127,0.0022
