medCon,qRCon,medCat,qRCat,meanCon,varCon,meanCat,varCat
0.24844211634376545,0.0015387787098415373,0.5687062706193038,0.005942281680690442,0.249,0.0026,0.5678,0.0035
