medCon,qRCon,medCat,qRCat,meanCon,varCon,meanCat,varCat
2.9679884132615344,1.123779438419687,0.5441468520129265,0.07954404673724624,3.1593,0.8781,0.5412,0.0455
