medCon,qRCon,medCat,qRCat,meanCon,varCon,meanCat,varCat
0.24338157455749748,0.00391885718726348,0.6243748524232449,0.005297777211001553,0.2439,0.002,0.6249,0.0023
