medCon,qRCon,medCat,qRCat,meanCon,varCon,meanCat,varCat
0.053672080143385766,0.0010710467619291161,0.0,0.0,0.05361688879543564,0.0008659627833923089,0.0,0.0
