medCon,qRCon,medCat,qRCat,meanCon,varCon,meanCat,varCat
0.05494499955178699,0.0009004391680404802,0.0,0.0,0.054917785018651605,0.0007156472994896277,0.0,0.0
