medCon,qRCon,medCat,qRCat,meanCon,varCon,meanCat,varCat
0.04741698316949254,0.0011279998626658252,0.0,0.0,0.04744204863172853,0.000815801323708411,0.0,0.0
