medCon,qRCon,medCat,qRCat,meanCon,varCon,meanCat,varCat
0.07633818447144645,0.0020116002513596853,0.6263558559888515,0.0045709235310732454,0.0764,0.0013,0.6252,0.006
