medCon,qRCon,medCat,qRCat,meanCon,varCon,meanCat,varCat
0.07447558430317455,0.001294499616107947,0.6274292781790131,0.0021156934588533183,0.0744,0.002,0.6278,0.003
