medCon,qRCon,medCat,qRCat,meanCon,varCon,meanCat,varCat
0.12890839102667806,0.016128372215813924,0.5956010759207302,0.016894714492388885,0.1264738179377739,0.007966126781943453,0.5896277453474813,0.01793886492893677
