medCon,qRCon,medCat,qRCat,meanCon,varCon,meanCat,varCat
0.12107739261764996,0.0008493580328917116,0.6192491508255695,0.0034242187558701787,0.1212,0.0007,0.6199,0.0025
