medCon,qRCon,medCat,qRCat,meanCon,varCon,meanCat,varCat
0.08336233228210525,0.0013369726236485552,0.5628303690359288,0.007003851603598843,0.0836,0.0009,0.5635,0.0054
