medCon,qRCon,medCat,qRCat,meanCon,varCon,meanCat,varCat
0.18834872064556268,0.3313412017380132,0.4524534473061034,0.094890326524745,0.3703,0.3535,0.4388,0.0597
