medCon,qRCon,medCat,qRCat,meanCon,varCon,meanCat,varCat
0.08482001143989715,0.002478839390618978,0.6236223016996376,0.019627036991674562,0.0855,0.0028,0.6208,0.0158
